split,sessions,events,unique_aids,avg_session_len,p50_session_len,p95_session_len,clicks_ratio,carts_ratio,orders_ratio,repeated_aid_session_ratio
train,12899779,216716096,1855603,16.799985178040647,6.0,68.0,0.8985071141185563,0.07796463350834817,0.023528252373095537,0.6920273595384852
test,1671803,13851293,1019357,8.285242340156106,4.0,28.0,0.8909134331358091,0.08343610953865463,0.025650457325536325,0.6360857110556687
